{"iris": {"SVM": {"accuracy": 0.9619047619047619, "val_accuracy": 1.0, "loss": 0.12810442462274502, "val_loss": 0.09009488714961138}, "LogisticRegression": {"accuracy": 0.9619047619047619, "val_accuracy": 1.0, "loss": 0.14978071915661412, "val_loss": 0.11522327516830165}, "RandomForest": {"accuracy": 1.0, "val_accuracy": 1.0, "loss": 0.037736030001245736, "val_loss": 0.023921551162806306}, "GradientBoosting": {"accuracy": 1.0, "val_accuracy": 1.0, "loss": 0.0003693982979032241, "val_loss": 0.00031021501601087884}}, "wine": {"SVM": {"accuracy": 0.6693548387096774, "val_accuracy": 0.7592592592592593, "loss": 0.6284363875902285, "val_loss": 0.5049904875057707}, "LogisticRegression": {"accuracy": 0.9596774193548387, "val_accuracy": 0.9814814814814815, "loss": 0.09433832911421058, "val_loss": 0.061681226351173776}, "GradientBoosting": {"accuracy": 1.0, "val_accuracy": 0.9074074074074074, "loss": 1.3656410162035823e-06, "val_loss": 0.7524638750229262}, "RandomForest": {"accuracy": 1.0, "val_accuracy": 1.0, "loss": 0.044781218417122765, "val_loss": 0.13212725140606693}}, "digits": {"LogisticRegression": {"accuracy": 1.0, "val_accuracy": 0.9648148148148148, "loss": 0.0031065624160313793, "val_loss": 0.1400911487803738}, "RandomForest": {"accuracy": 1.0, "val_accuracy": 0.9777777777777777, "loss": 0.12232177212182181, "val_loss": 0.3253817413731613}, "SVM": {"accuracy": 0.9968178202068417, "val_accuracy": 0.987037037037037, "loss": 0.048505200618714196, "val_loss": 0.0874120399236971}, "GradientBoosting": {"accuracy": 1.0, "val_accuracy": 0.9685185185185186, "loss": 0.001005220659921691, "val_loss": 0.10157992800153957}}, "breast_cancer": {"RandomForest": {"accuracy": 1.0, "val_accuracy": 0.9707602339181286, "loss": 0.035461793424735225, "val_loss": 0.09381031885803487}, "LogisticRegression": {"accuracy": 0.9346733668341709, "val_accuracy": 0.9707602339181286, "loss": 0.1383999541258285, "val_loss": 0.07937584599194275}, "SVM": {"accuracy": 0.8994974874371859, "val_accuracy": 0.935672514619883, "loss": 0.22638823253032378, "val_loss": 0.13820847320413257}, "GradientBoosting": {"accuracy": 1.0, "val_accuracy": 0.9590643274853801, "loss": 0.0017015818703524635, "val_loss": 0.10453323346141123}}}