{"iris": {"RandomForest": {"accuracy": 1.0, "val_accuracy": 1.0, "loss": 0.037736030001245736, "val_loss": 0.023921551162806306, "training_time": 3.493903636932373}, "GradientBoosting": {"accuracy": 1.0, "val_accuracy": 1.0, "loss": 0.0003693982979032241, "val_loss": 0.00031021501601087884, "training_time": 2.7260870933532715}, "LogisticRegression": {"accuracy": 0.9619047619047619, "val_accuracy": 1.0, "loss": 0.14978071915661412, "val_loss": 0.11522327516830165, "training_time": 0.9569859504699707}, "SVM": {"accuracy": 0.9619047619047619, "val_accuracy": 1.0, "loss": 0.12810442462274502, "val_loss": 0.09009488714961138, "training_time": 0.9729490280151367}}, "wine": {"RandomForest": {"accuracy": 1.0, "val_accuracy": 1.0, "loss": 0.044781218417122765, "val_loss": 0.13212725140606693, "training_time": 9.353442907333374}, "GradientBoosting": {"accuracy": 1.0, "val_accuracy": 0.9074074074074074, "loss": 1.3656410162035823e-06, "val_loss": 0.7524638750229262, "training_time": 9.432146787643433}, "LogisticRegression": {"accuracy": 0.9596774193548387, "val_accuracy": 0.9814814814814815, "loss": 0.09433832911421058, "val_loss": 0.061681226351173776, "training_time": 1.2960374355316162}, "SVM": {"accuracy": 0.6693548387096774, "val_accuracy": 0.7592592592592593, "loss": 0.6284363875902285, "val_loss": 0.5049904875057707, "training_time": 1.3050258159637451}}}